{"cameraMode":{"drawMode":0,"name":"Shaded","section":"Shading Mode"},"sceneLighting":true,"audioPlay":false,"sceneViewState":{"showFog":true,"showMaterialUpdate":false,"showSkybox":true,"showFlares":true,"showImageEffects":true,"showParticleSystems":true},"in2DMode":false,"pivot":{"x":516.1613159179688,"y":90.762451171875,"z":631.239501953125},"rotation":{"x":0.38166099786758425,"y":-0.25093433260917666,"z":0.10846766084432602,"w":0.8829520344734192},"size":2833.34716796875,"orthographic":false}