{"cameraMode":{"drawMode":0,"name":"Shaded","section":"Shading Mode"},"sceneLighting":true,"audioPlay":false,"sceneViewState":{"showFog":true,"showMaterialUpdate":true,"showSkybox":true,"showFlares":true,"showImageEffects":true,"showParticleSystems":true},"in2DMode":false,"pivot":{"x":-1533.894775390625,"y":36.574729919433597,"z":329.23492431640627},"rotation":{"x":0.7763699889183044,"y":0.0028361959848552944,"z":-0.0034936885349452497,"w":0.6302615404129028},"size":769.9420776367188,"orthographic":true}