{"cameraMode":{"drawMode":0,"name":"Shaded","section":"Shading Mode"},"sceneLighting":true,"audioPlay":false,"sceneViewState":{"showFog":true,"showMaterialUpdate":true,"showSkybox":true,"showFlares":true,"showImageEffects":true,"showParticleSystems":true},"in2DMode":false,"pivot":{"x":-166.32589721679688,"y":-51.28278350830078,"z":268.5252990722656},"rotation":{"x":0.17415691912174226,"y":0.3502342998981476,"z":-0.06644947081804276,"w":0.9179267883300781},"size":234.7742156982422,"orthographic":false}